{"cameraMode":{"drawMode":0,"name":"Shaded","section":"Shading Mode"},"sceneLighting":true,"audioPlay":false,"sceneViewState":{"m_AlwaysRefresh":false,"showFog":true,"showSkybox":true,"showFlares":true,"showImageEffects":true,"showParticleSystems":true,"showVisualEffectGraphs":true,"m_FxEnabled":true},"in2DMode":false,"pivot":{"x":-4.188987731933594,"y":0.5726533532142639,"z":-1.4596091508865357},"rotation":{"x":-0.07174067199230194,"y":0.9247992634773254,"z":-0.21927838027477265,"w":-0.3025711178779602},"size":1.8367178440093995,"orthographic":false}