{"cameraMode":{"drawMode":0,"name":"Shaded","section":"Shading Mode"},"sceneLighting":true,"audioPlay":false,"sceneViewState":{"m_AlwaysRefresh":false,"showFog":true,"showSkybox":true,"showFlares":true,"showImageEffects":true,"showParticleSystems":true,"showVisualEffectGraphs":true,"m_FxEnabled":true},"in2DMode":false,"pivot":{"x":-2.3883860111236574,"y":1.1975367069244385,"z":-2.337008476257324},"rotation":{"x":0.00277730799280107,"y":-0.9898571968078613,"z":0.1408146470785141,"w":0.019592447206377984},"size":1.8367178440093995,"orthographic":false}